[
	{"configType":"layout","content":"{\"_version\":2,\"positions\":{\"Todo\":{\"top\":0,\"left\":0},\"TodoTask\":{\"top\":0,\"left\":0},\"Lesson\":{\"top\":0,\"left\":0}},\"hiddenTypes\":[\"A\",\"Abbr\",\"AbstractFile\",\"Address\",\"ApplicationConfigurationDataNode\",\"Area\",\"Article\",\"Aside\",\"Audio\",\"B\",\"Base\",\"Bdi\",\"Bdo\",\"Blockquote\",\"Body\",\"Br\",\"Button\",\"Canvas\",\"Caption\",\"Cdata\",\"Cite\",\"Code\",\"Col\",\"Colgroup\",\"Command\",\"Comment\",\"Component\",\"ConceptGroup\",\"ConceptGroupLabel\",\"Content\",\"ContentContainer\",\"ContentItem\",\"CssDeclaration\",\"CssRule\",\"CssSelector\",\"CssSemanticClass\",\"CustomConceptAttribute\",\"CustomNote\",\"CustomTermAttribute\",\"DOMElement\",\"DOMNode\",\"Data\",\"DataFeed\",\"Datalist\",\"Dd\",\"Definition\",\"Del\",\"Details\",\"Dfn\",\"Dialog\",\"Div\",\"Dl\",\"DocumentFragment\",\"Dt\",\"EMailMessage\",\"EditorialNote\",\"Em\",\"Embed\",\"Favoritable\",\"FeedItem\",\"FeedItemContent\",\"FeedItemEnclosure\",\"Fieldset\",\"Figcaption\",\"Figure\",\"File\",\"Folder\",\"Footer\",\"Form\",\"G\",\"Group\",\"H1\",\"H2\",\"H3\",\"H4\",\"H5\",\"H6\",\"Head\",\"Header\",\"Hgroup\",\"HistoryNote\",\"Hr\",\"Html\",\"I\",\"Iframe\",\"Image\",\"Img\",\"Indexable\",\"IndexedWord\",\"Input\",\"Ins\",\"JavaScriptSource\",\"KafkaClient\",\"Kbd\",\"Keygen\",\"LDAPGroup\",\"LDAPUser\",\"Label\",\"Legend\",\"Li\",\"Link\",\"LinkSource\",\"Linkable\",\"Localization\",\"Location\",\"MQTTClient\",\"MailTemplate\",\"Mailbox\",\"Main\",\"Map\",\"Mark\",\"Menu\",\"MessageClient\",\"MessageSubscriber\",\"Meta\",\"MetadataNode\",\"Meter\",\"Nav\",\"NodeLabel\",\"Noscript\",\"Note\",\"ODFExporter\",\"ODSExporter\",\"ODTExporter\",\"Object\",\"Ol\",\"Optgroup\",\"Option\",\"Output\",\"P\",\"Page\",\"Param\",\"PaymentItemNode\",\"PaymentNode\",\"Person\",\"Picture\",\"Pre\",\"PreferredTerm\",\"Principal\",\"Progress\",\"Q\",\"RemoteDocument\",\"Rp\",\"Rt\",\"Ruby\",\"S\",\"Samp\",\"ScopeNote\",\"Script\",\"Section\",\"Select\",\"ShadowDocument\",\"SimpleNonPreferredTerm\",\"Site\",\"Slot\",\"Small\",\"Source\",\"Span\",\"SplitNonPreferredTerm\",\"Strong\",\"StructuredDocument\",\"StructuredTextNode\",\"Style\",\"Sub\",\"Summary\",\"Sup\",\"Table\",\"Tbody\",\"Td\",\"Template\",\"Textarea\",\"Tfoot\",\"Th\",\"Thead\",\"Thesaurus\",\"ThesaurusArray\",\"ThesaurusConcept\",\"ThesaurusTerm\",\"Time\",\"Title\",\"Tr\",\"Track\",\"U\",\"Ul\",\"User\",\"Var\",\"VersionHistory\",\"Video\",\"VideoFile\",\"VirtualProperty\",\"VirtualType\",\"Wbr\",\"Widget\"],\"zoom\":1,\"connectorStyle\":\"Flowchart\",\"showRelLabels\":true}","grantees":[{"allowed":"accessControl,read,write,delete","name":"admin"}],"id":"99897e6f02d148a48f7a4ceb4f83d65c","name":"Recently Used Types","owner":{"name":"admin"}}
]